{
  "project_info": {
    "project_number": "1087381563192",
    "project_id": "termproject24",
    "storage_bucket": "termproject24.appspot.com"
  },
  "client": [
    {
      "client_info": {
        "mobilesdk_app_id": "1:1087381563192:android:c059fa7d3bca872fe043cd",
        "android_client_info": {
          "package_name": "com.example.devhive_friend_sanchez"
        }
      },
      "oauth_client": [],
      "api_key": [
        {
          "current_key": "AIzaSyBie5_o-S2yBg_ie2Vw0GS7HfHpGZ221TY"
        }
      ],
      "services": {
        "appinvite_service": {
          "other_platform_oauth_client": []
        }
      }
    }
  ],
  "configuration_version": "1"
}